{"pos":{"x":-0.8649048209190369,"y":-0.966576874256134,"z":0.42450714111328127},"rotation":{"x":-0.005235717166215181,"y":0.7030608057975769,"z":-0.009511077776551247,"w":-0.7110469341278076}}