{"pos":{"x":-1.4,"y":-0.6683604121208191,"z":0.32569971680641177},"rotation":{"x":0.01691882312297821,"y":0.670254111289978,"z":0.022212890908122064,"w":-0.7416062951087952}}